nombre,lon,lat
2338_S/E CENTRAL PE VIENTOS PATAGONICOS (SM),-70.8326677287233,-52.9465897682389
2355_S/E TAP OFF SAN VICTOR (SM),-72.4314685578158,-45.3334365268719
2353_S/E SAN VICTOR (SM),-72.4302863196228,-45.3328957605607
2354_S/E CENTRAL HP SAN VICTOR (SM),-72.4302863196228,-45.3328957605607
525_S/E QUELLON,-73.615222,-43.091768
317_S/E CENTRAL QUELLON II,-73.614555,-43.091617
1993_S/E CENTRAL CHILOE,-73.615474,-43.091425
505_S/E CHONCHI,-73.806444,-42.627077
527_S/E CASTRO,-73.786621,-42.483772
2166_S/E GAMBOA,-73.82917574,-42.45772927
515_S/E PID PID,-73.773731,-42.415526
1772_S/E DALCAHUE,-73.718192,-42.359555
1703_S/E CENTRAL SAN PEDRO DALCAHUE,-73.89652456,-42.27306941
2087_S/E CENTRAL DEGAÑ 2,-73.714084,-42.14511
2088_S/E CENTRAL DEGAÑ,-73.714051,-42.144886
528_S/E DEGAN,-73.715056,-42.144779
531_S/E CHILOE,-73.71423445,-42.14432066
2258_S/E NUEVA ANCUD,-73.6788325852947,-41.958737129822
2115_S/E CENTRAL CUCHILDEO,-72.4586144046005,-41.9555958340291
503_S/E ANCUD,-73.79799,-41.880878
2123_S/E PARGUA,-73.502036,-41.77812
526_S/E CALBUCO,-73.162897,-41.763336
506_S/E COLACO,-73.387687,-41.739294
2507_S/E CENTRAL LLAGUEPE (SM),-72.48746595,-41.72792082
508_S/E EL EMPALME,-73.222434,-41.584333
2508_S/E CENTRAL COCHAMO (SM),-72.3080983,-41.55165442
2164_S/E CANUTILLAR,-72.341797,-41.528224
220_S/E CENTRAL CANUTILLAR,-72.341761,-41.528041
268_S/E MOLINOS (ENLASA),-73.07766,-41.51847
1728_S/E ALTO BONITO,-73.061148,-41.510787
529_S/E PUERTO MONTT (STS),-72.9535200750763,-41.4526312208838
585_S/E PUERTO MONTT,-72.95303,-41.451698
513_S/E MELIPULLI,-72954,-41.450482
2148_S/E SANGRA,-72.9613731160945,-41.3948307035421
520_S/E PUERTO VARAS,-72.997694,-41.317345
2224_S/E LLANQUIHUE,-73.0066533103284,-41.2833263916905
2281_S/E TINEO,-73.0930421900147,-41.280777486428
2091_S/E AURORA,-73.12178,-41.251671
510_S/E FRUTILLAR,-73.05036,-41.128711
2287_S/E FRUTILLAR NORTE,-73.0961208652509,-41.0699362392036
2301_S/E PUELCHE SUR,-72.9978883282472,-41.0330653656157
2316_S/E CENTRAL MC3,-72.3549144318645,-40.9479373926441
2315_S/E E42,-72.4018832887078,-40.9192018292391
2192_S/E BONITO,-72.4036483886297,-40.9177914769629
521_S/E PURRANQUE,-73.151505,-40.912205
1622_S/E RIO BONITO,-72.409361,-40.909461
2190_S/E CENTRAL NALCAS,-72.3403219016387,-40.8950728331625
2191_S/E CENTRAL CALLAO,-72.3382022213302,-40.8878453154894
236_S/E CENTRAL CAPULLO,-72.400131,-40.818972
1782_S/E PULELFU,-72.388159,-40.811818
1761_S/E COPIHUES,-72.3884455,-40.81162313
1736_S/E CENTRAL PULELFU,-72.385855,-40.810642
2153_S/E PALMAR,-72.3149,-40.790025
2155_S/E CENTRAL CORRENTOSO,-72.317029,-40.78938
2154_S/E CENTRAL PALMAR,-72.316847,-40.789301
2111_S/E RIO NEGRO,-73.197434,-40.788739
1756_S/E PICHIL,-73.005365,-40.70553
511_S/E AIHUAPI,-72.624121,-40.701945
2117_S/E CENTRAL CUMBRES,-72.20658,-40.646509
2133_S/E MOCHO,-72.251401,-40.641531
2185_S/E CENTRAL MOCHO,-72.251361,-40.640861
237_S/E CENTRAL PILMAIQUEN,-72.649857,-40.638677
2121_S/E CHIRRE,-72.624539766078,-40.6319041824592
2216_S/E CENTRAL RUCATAYO,-72.703965,-40.6197
1708_S/E RUCATAYO,-72.706186,-40.619101
2054_S/E MANTILHUE,-72.401486,-40.618358
322_S/E CENTRAL LICAN,-72.401223,-40.618059
1621_S/E ANTILLANCA,-72.713278,-40.61748
507_S/E LOS NEGROS,-72.893794,-40.597864
315_S/E CENTRAL CHUYACA,-73.08833133,-40.57882038
509_S/E BARRO BLANCO,-73.08806826,-40.57812795
1663_S/E PILAUCO,-73.082852,-40.574885
1664_S/E RAHUE,-73.08532,-40.573839
1709_S/E PICHIRRAHUE,-73.0843375,-40.57221431
516_S/E OSORNO,-73.11530833,-40.57102653
2208_S/E LA MISION,-73.1856662927507,-40.5448021923942
2209_S/E REMEHUE,-73.1046022543093,-40.54385018154
1717_S/E LOS TAMBORES,-72.99969097,-40.32070172
512_S/E LA UNION,-73.068106,-40.294938
2060_S/E NUEVA PICHIRROPULLI,-72.886595,-40.162658
2124_S/E LLOLLELHUE,-72.888598,-40.161315
519_S/E PICHIRROPULLI,-72.887891,-40.16042
854_S/E PAILLACO,-72.86167312,-40.07767186
2152_S/E CERROS DE HUICHAHUE,-72.898544,-39.941301
502_S/E CORRAL,-73.417973,-39.896908
514_S/E LOS LAGOS,-72.807222,-39.869017
2078_S/E EL LAUREL,-73.197267,-39.842545
518_S/E PICARTE,-73.223602,-39.830654
219_S/E CENTRAL ANTILHUE,-73.185867,-39.801324
530_S/E VALDIVIA (STS),-73.1869630093977,-39.8006131659826
592_S/E VALDIVIA,-73.186963,-39.800612
318_S/E CENTRAL CALLE CALLE,-73.188627,-39.799847
875_S/E CHUMPULLO,-73.1860826,-39.7910059
517_S/E PANGUIPULLI,-72.321904,-39.627586
474_S/E PULLINQUE,-72.218224,-39.595363
215_S/E PLANTA VALDIVIA,-72.902688,-39.565013
1620_S/E MARIQUINA,-72.90989,-39.550928
614_S/E CIRUELOS,-72.912733,-39.549771
472_S/E LONCOCHE,-72.603746,-39.371307
2312_S/E LASTARRIA,-72.6302459455303,-39.3484920495238
443_S/E VILLARRICA,-72.23381338,-39.30156897
486_S/E PUCON,-71.97412065,-39.28753706
1731_S/E GORBEA,-72.68326,-39.097712
442_S/E PITRUFQUEN,-72.64887835,-38.98396637
1750_S/E TAP OFF RIO TOLTEN,-72.6457597835535,-38.9772748633838
2207_S/E RIO TOLTEN,-72.63894,-38.95494
2101_S/E CUNCO,-72.126193,-38.93209
1748_S/E CENTRAL CAREN BAJO,-71.52112,-38.883187
1749_S/E MELIPEUCO,-71.666961,-38.8474
945_S/E METRENCO (FFCC),-72.631675,-38.829951
840_S/E LICANCO,-72.61221,-38.77982
434_S/E PADRE LAS CASAS,-72.608123,-38.773978
2302_S/E LAS VIOLETAS,-72.9128221819442,-38.7569348240472
839_S/E IMPERIAL,-72.933969,-38.752721
492_S/E LAS ENCINAS,-72.62442006,-38.74850991
389_S/E CHIVILCAN,-72.598202,-38.726776
604_S/E CAUTIN,-72.54153189,-38.7226696
591_S/E TEMUCO,-72.55779703,-38.70875688
433_S/E PUMAHUE,-72.55561267,-38.70784986
441_S/E PILLANLELBUN,-72.472044,-38.636557
2297_S/E LLAIMA,-72.4546856022912,-38.6208273592342
408_S/E LAUTARO,-72.46129553,-38.54136155
321_S/E CENTRAL LAUTARO,-72.46804,-38.539906
944_S/E LAUTARO (FFCC),-72.43209,-38.525382
364_S/E CURACAUTIN,-71.901206,-38.431742
414_S/E TRAIGUEN,-72.6663566,-38.25746849
2021_S/E LOS PEUMOS,-72.316524,-38.245126
418_S/E VICTORIA,-72.31798295,-38.2448879
942_S/E VICTORIA (FFCC),-72.342547,-38.238835
253_S/E CENTRAL PALMUCHO,-71.478099,-38.043188
2274_S/E SURCO Y SEMILLA,-72.284559,-38.043081
2197_S/E SECCIONADORA RIO MALLECO,-72.285143,-38.042068
EXT_001_S/E ZONA PRESA,-71.47544,-38.037432
500_S/E ZONA DE CAIDA,-71.513434,-37.999136
247_S/E CENTRAL RALCO,-71.517576,-37.998353
2275_S/E AGUA BUENA,-72.2500805744451,-37.9868646263569
1632_S/E LOS SAUCES,-72.86687557,-37.9865457
394_S/E COLLIPULLI,-72.450658,-37.948211
941_S/E COLLIPULLI (FFCC),-72.450588,-37.948107
307_S/E CENTRAL PANGUE,-71.611333,-37.909135
2242_S/E FAENAS PANGUE,-71.614576,-37.906315
2469_S/E LA ESPERANZA (TRANSELEC),-72.3796997691179,-37.8605669750473
1631_S/E CANETE,-73.39383331,-37.83248605
2103_S/E DEUCO,-72.69848,-37.826022
379_S/E ANGOL,-72.65759101,-37.82317186
1740_S/E CENTRAL PICOIQUEN,-72.753951,-37.813921
1769_S/E CENTRAL RENAICO (ESPINOS S.A.),-72.4155449127777,-37.8138357226226
2418_S/E LA CABAÑA,-72.5724467145825,-37.8062052882346
1770_S/E CENTRAL ALTO RENAICO,-72.403586,-37.800196
889_S/E CELULOSA PACIFICO,-72.484205,-37.793016
1774_S/E PARQUE EOLICO RENAICO,-72.577402,-37.726146
2351_S/E LOS NOTROS,-71.8288509851141,-37.7130292704654
2165_S/E ANGOSTURA,-71.8210670946364,-37.7090620502451
1702_S/E CENTRAL ANGOSTURA,-71.821054,-37.709038
1771_S/E NAHUELBUTA,-72.589915,-37.696485
2184_S/E CENTRAL PE LA FLOR,-72.602883,-37.690714
2194_S/E TOLPAN SUR,-72.5860236861263,-37.6853769230685
1676_S/E PICOLTUE,-72.256414,-37.682721
1662_S/E MULCHEN,-72.25394466,-37.68117983
940_S/E RENAICO (FFCC),-72.580241,-37.6754
2122_S/E SAN GABRIEL,-72.528352,-37.672679
2305_S/E LOS OLMOS,-72.4829183770885,-37.6598164964468
2018_S/E SANTA BARBARA,-72.034262,-37.652406
362_S/E LEBU,-73.63563,-37.644711
415_S/E TRES PINOS,-73.416751,-37.624918
1788_S/E CENTRAL PARQUE EOLICO LA ESPERANZA,-72.536793,-37.602333
843_S/E NEGRETE,-72.54125,-37.5878
1747_S/E CENTRAL LLAUQUEREO,-71.524241,-37.566851
2271_S/E AILLIN,-71.454875560242,-37.5624629390013
1775_S/E CENTRAL PARQUE EOLICO LOS BUENOS AIRES,-72.512164,-37.551014
290_S/E CENTRAL PEUCHEN,-71.596068,-37.540674
2270_S/E LAS JUNTAS,-71.5957141167092,-37.5404274355444
289_S/E CENTRAL MAMPIL,-71.706916,-37.536366
2311_S/E LOS ANGELES SUR,-72.3683587561097,-37.518605420429
385_S/E DUQUECO,-72.322186,-37.51769
887_S/E CELULOSA SANTA FE,-72.6567,-37.514937
890_S/E PAPELERA INFORSA,-72.656619,-37.514927
1615_S/E SF ENERGIA,-72.651199,-37.514456
1681_S/E CENTRAL CUEL,-72.467258,-37.505211
2304_S/E MESAMAVIDA,-72.460114462255,-37.4906336621694
2263_S/E CENTRAL EOLICA ALENA,-72.556027912597,-37.4852691838879
2119_S/E SANTA LUISA,-72464,-37.481414
426_S/E LOS ANGELES (CGE),-72.369038,-37.481282
1737_TAP OFF COYANCO,-72.5592558262487,-37.4790226373081
387_S/E CURANILAHUE,-73.35217036,-37.47335416
429_S/E MANSO DE VELASCO,-72.346654,-37.468834
2331_S/E LOS VARONES,-72.3198175372115,-37.452493398045
2109_S/E CURANILAHUE NORTE,-73.36212,-37.450651
354_S/E EL AVELLANO,-72.32907928,-37.44204354
2330_S/E CAMPO LINDO,-72.4939930314372,-37.401023719965
248_TAP OFF MARIA DOLORES,-72.42164,-37.376123
242_S/E CENTRAL ABANICO,-71.49068764,-37.36474959
228_S/E CENTRAL RUCUE,-71.86682894,-37.36081162
2329_S/E SANTA CLARA,-72.3033584651254,-37.3448952994651
230_S/E CENTRAL QUILLECO,-71.955678,-37.335272
1646_S/E ANTUCO (TRANSELEC),-71.628855,-37.310887
243_S/E CENTRAL ANTUCO (ENEL GENERACION),-71.626761,-37.310181
888_S/E CELULOSA LAJA,-72.70883,-37.288795
939_S/E LAJA (FFCC),-72.7049894818154,-37.283960305434
577_S/E LAJA,-72.7049894,-37.28396014
572_S/E CENTRAL EL TORO,-71.463677,-37.27082
384_S/E CARAMPANGUE,-73.23395988,-37.25678812
2167_S/E PARQUE EOLICO EL MAITEN,-72.556464,-37.255606
2246_S/E SECCIONADORA EL ROSAL,-72.348646,-37.24924
1689_S/E CENTRAL LAJA 1,-72.530805,-37.244625
365_S/E HORCONES,-73.215818,-37.211989
209_S/E CENTRAL HORCONES,-73.216708,-37.211668
214_S/E PLANTA ARAUCO,-73.223236,-37.209851
260_S/E BUCALEMU,-72.404381,-37.172626
2104_S/E EL PINAR,-71.6481685738176,-37.1715575538331
2217_S/E CHOLGUAN (TRANSELEC),-72.073383,-37.165132
504_S/E CHOLGUAN (STS),-72.07404,-37.1648
305_S/E CENTRAL CHOLGUAN,-72.073156,-37.164799
2276_S/E TCBB,-72.0745921419084,-37.1647415552076
2102_S/E CENTRAL EL PINAR,-71.6417173006678,-37.1320386480492
211_S/E YUNGAY,-72.293908,-37.105857
1743_S/E CENTRAL LOS GUINDOS,-72.293036,-37.101618
2092_S/E ANDALICAN,-73.1467779010509,-37.097972410387
841_S/E LOTA,-73.14642471,-37.09792457
263_S/E ENLACE,-72.32442777,-37.09560554
205_S/E CENTRAL SANTA LIDIA,-72.316783,-37.093286
566_S/E CHARRUA,-72.320171,-37.090437
938_S/E MONTE AGUILA (FFCC),-72.4438358099076,-37.0881428930736
232_S/E CENTRAL LOS PINOS,-72.324719,-37.086624
1755_S/E CENTRAL ITATA,-72.180227,-37.048552
962_S/E FIBRANOVA,-72.395527,-37.041893
842_S/E MASISA,-72.395829,-37.041837
235_S/E CENTRAL SANTA MARIA,-73.131071,-37.040284
498_S/E EL MANCO,-73.13193726,-37.04020086
837_S/E CABRERO,-72.39663,-37.040199
410_S/E PUCHOCO,-73.17689172,-37.0228327
258_S/E CENTRAL BOCAMINA II,-73.167151,-37.021354
2244_S/E BOCAMINA,-73.1676349727924,-37.0213041477328
244_S/E CENTRAL BOCAMINA I,-73.167635,-37.021304
380_S/E ARENAS BLANCAS,-73.176812,-37.011786
484_S/E CORONEL,-73.15198544,-37.00881822
2291_S/E HUALQUI,-72.9084416347744,-37.007028116209
2061_S/E ENTRE RIOS,-72.210903,-36.990864
608_S/E LAGUNILLAS,-73.134868,-36.988487
462_S/E POLPAICO (CEMENTO POLPAICO),-73.174474,-36.97753
316_S/E CENTRAL CORONEL,-73.1691952,-36.96743519
358_S/E ESCUADRON (CGE),-73.16910504,-36.96734338
2017_S/E RECTIFICADORA ESCUADRON,-73.1578863956686,-36.9573680244923
297_S/E CENTRAL ESCUADRON,-73.155246,-36.934738
993_S/E FPC,-73.155342,-36.934677
386_S/E CHIGUAYANTE,-73.033576,-36.910055
2294_S/E PUEBLO SECO,-72.1220845846464,-36.8883231984737
424_S/E LOMA COLORADA,-73.138107,-36.880111
2150_S/E LOS TILOS BULNES,-72.216868765314,-36.8780611645422
2183_S/E BULNES,-72.216868765314,-36.8780611645422
2303_S/E GUINDO,-73.1340610648913,-36.8738899225938
960_S/E MAPAL,-73.141581,-36.867457
463_S/E SAN PEDRO (CGE),-73.09231094,-36.84040424
828_S/E RECINTO,-71.664663,-36.838605
982_S/E PAPELERA BIO BIO,-73.0966166,-36.83381462
395_S/E COLO COLO,-73.051883,-36.820329
353_S/E EJERCITO,-73.063957,-36.815474
376_S/E ALONSO DE RIBERA,-73.033552,-36.804931
378_S/E ANDALIEN,-73.03302383,-36.80451267
943_S/E CONCEPCION (FFCC),-73.032404213981,-36.8044798093384
568_S/E CONCEPCION,-73.032481,-36.803727
825_S/E TRES ESQUINAS,-72.175331,-36.798741
2229_S/E LUCERO,-72.1756823586501,-36.797966486247
573_S/E HUALPEN,-73.121758,-36.788142
951_S/E ERBB-2,-73.119513,-36.785212
312_S/E PETROPOWER,-73.11909765,-36.78496286
950_S/E ERBB,-73.11714421,-36.7783986
494_S/E NEWEN,-73.11825,-36.778281
984_S/E PETROQUIM,-73.120075,-36.77738
439_S/E PERALES,-73.08643592,-36.76878236
946_S/E EKA CHILE,-73.123333,-36.76511
980_S/E OXY,-73.1232342,-36.76237756
2347_S/E MONTENEGRO,-72.0948548279686,-36.7565488864827
873_S/E HUACHIPATO,-73.131156,-36.753315
589_S/E SAN VICENTE,-73.124737,-36.747723
2231_S/E LARQUI,-72.2787560209484,-36.745975102185
438_S/E PENCO,-72.99055176,-36.74374687
937_S/E BULNES (FFCC),-72.2908078579771,-36.743425859363
273_S/E CENTRAL CEMENTOS BIO BIO CENTRO,-73.1202754306921,-36.7431594407815
879_S/E CEMENTOS BIO BIO,-73.12027541,-36.74315931
1716_S/E CIRUELITO,-71.82213,-36.741551
412_S/E TALCAHUANO,-73.11869,-36.739778
372_S/E LATORRE,-73.119804,-36.718822
959_S/E LIRQUEN INDURA,-72.9739241281366,-36.7186974070462
422_S/E LIRQUEN,-72.97477,-36.714652
827_S/E QUILMO,-72.130737,-36.710543
2392_S/E QUELVO,-72.1279112452023,-36.7097930468195
416_S/E TUMBES,-73.117911,-36.694529
216_S/E NUEVA ALDEA,-72.477935,-36.661391
2059_S/E CENTRAL NUEVA ALDEA II,-72.4794,-36.65984
2157_S/E QUILMO II,-72.101311,-36.644961
413_S/E TOME,-72.949269,-36.63143
829_S/E SANTA ELISA,-72.171538,-36.625768
375_S/E CHILLAN,-72.092798,-36.625357
427_S/E MAHNS,-72.95296,-36.620142
1656_S/E MONTERRICO,-72.06194,-36.61253
399_S/E SANTA ELVIRA,-72.098642,-36.59606
2056_S/E SAN FABIAN,-71.536517,-36.582034
936_S/E COCHARCAS (FFCC),-72.048118,-36.520663
471_S/E COCHARCAS (CGE),-72.047867,-36.520603
826_S/E COCHARCAS,-72.047673,-36.520133
658_S/E SAN CARLOS,-71.951044,-36.43404
638_S/E HUALTE,-72.372236,-36.428446
654_S/E QUIRIHUE,-72.549513,-36.306108
935_S/E NIQUEN (FFCC),-71.902741,-36.29552
853_S/E SAN GREGORIO,-71.818861,-36.278548
2254_S/E DIGUA,-71.552521,-36.257266
2255_S/E CATILLO,-71.55943,-36.247044
473_S/E PARRAL,-71.805251,-36.132919
657_S/E RETIRO,-71.761229,-36.038918
2450_S/E TAMANGO,-71.92897191,-36.02280084
2029_S/E PASO HONDO,-71.92906,-36.022117
630_S/E CAUQUENES,-72.303667,-35.96231
852_S/E LONGAVI,-71.696448,-35.962293
934_S/E LONGAVI (FFCC),-71.696605,-35.962169
641_S/E LA VEGA,-72.4509,-35.878492
1680_S/E CENTRAL LOS HIERROS,-71.064475,-35.857647
2051_S/E CENTRAL ANCOA,-71.186678,-35.85237
397_S/E LINARES,-71.628443,-35.845193
449_S/E CHACAHUIN,-71.625971,-35.841498
1726_S/E CENTRAL LOS HIERROS II,-71.079222,-35.839807
1998_S/E CENTRAL RIO COLORADO,-70.939114,-35.832846
1999_S/E CENTRAL LA MINA,-70.73889,-35.82811
850_S/E LINARES NORTE,-71.643737,-35.8265
246_S/E CENTRAL ISLA,-70.835289,-35.809587
308_S/E CENTRAL CURILLINQUE,-70.944112,-35.805616
309_S/E LOMA ALTA,-70.98155413,-35.79197253
1996_S/E ARMERILLO,-70.981965,-35.791933
245_S/E CENTRAL CIPRESES,-70.81243,-35.786388
255_S/E CENTRAL OJOS DE AGUA,-70.807524,-35.785994
851_S/E PANIMAVIDA,-71.420258,-35.749417
224_S/E CENTRAL MACHICURA,-71.396392,-35.731636
583_S/E CENTRAL PEHUENCHE,-71.163842,-35.731372
2334_S/E PFV MACHICURA,-71.4002642620261,-35.729806718224
1679_S/E CANAL MELADO,-71.070988,-35.718567
310_S/E CENTRAL RIO MELADO,-71.070994,-35.717699
933_S/E VILLA ALEGRE (FFCC),-71.687714,-35.695165
476_S/E VILLA ALEGRE,-71.687695,-35.695146
1640_S/E YERBAS BUENAS,-71.575445,-35.692326
2359_S/E CENTRAL COLBUN,-71.3759110439886,-35.6860323766127
223_S/E COLBUN,-71.377335,-35.685918
561_S/E ANCOA,-71.3772165,-35.68185977
231_S/E CENTRAL CHIBURGO,-71.355014,-35.66111
229_S/E CENTRAL SAN IGNACIO,-71.540863,-35.614457
876_S/E PROCART,-71.587097,-35.605834
233_S/E CENTRAL SAN CLEMENTE (COLBUN),-71.355399,-35.598002
320_S/E CENTRAL MARIPOSAS,-71.26401,-35.595846
660_S/E SAN JAVIER,-71.711901,-35.588608
361_S/E LA PALMA,-71.708715,-35.58128
1613_S/E NIRIVILO,-72.12407421,-35.55420368
288_S/E CENTRAL LIRCAY,-71.261599,-35.537011
659_S/E SAN CLEMENTE,-71.570667,-35.536144
444_S/E MAULE,-71.530103,-35.499963
2076_S/E SANTA ISABEL,-71.3471474881828,-35.4817626463461
1638_S/E CENTRAL PROVIDENCIA,-71.272578,-35.469752
407_S/E SAN MIGUEL,-71.616545,-35.439185
411_S/E TALCA,-71.639994,-35.436838
440_S/E PIDUCO,-71.666505,-35.43558
2223_S/E CENTRAL SAN JAVIER,-72.3766289323953,-35.389735286907
1616_S/E PLANTA VIÑALES,-72.410276,-35.370776
932_S/E PANGUILEMO (FFCC),-71.587553,-35.368175
436_S/E PANGUILEMO,-71.593868,-35.366134
632_S/E CONSTITUCION,-72.402715,-35.3637
2006_S/E CENTRAL CONSTITUCION,-72.406743,-35.360404
213_S/E PLANTA CONSTITUCION,-72.41764817,-35.32497152
669_S/E SAN RAFAEL,-71.528796,-35.310468
420_S/E LOS MAQUIS (CGE),-71.514335,-35.296149
931_S/E ITAHUE (FFCC),-71.3654,-35.142187
575_S/E ITAHUE,-71.36725314,-35.13927033
662_S/E VILLA PRAT,-71.633357,-35.112786
360_S/E MOLINA,-71.317967,-35.094735
650_S/E PARRONAL,-71.706322,-35.049567
930_S/E CURICO (FFCC),-71.2302,-34.99174
469_S/E CURICO,-71.22984,-34.991684
218_S/E CENTRAL LICANTEN,-72.021645,-34.987811
644_S/E LICANTEN,-72.016121,-34.98617
637_S/E HUALANE,-71.798371,-34.975144
1753_S/E CENTRAL EL PASO,-70.420192,-34.96457
359_S/E RAUQUEN,-71.184214,-34.947495
2085_S/E CENTRAL HIDROELECTRICA PALACIOS,-70.375754,-34.931905
2020_S/E DOS VALLES,-70.340783,-34.901851
2141_S/E AGUAS CLARAS,-71.141707615238,-34.8685465868408
266_S/E AGUAS NEGRAS,-71.141811,-34.868532
655_S/E RANGUILI,-71.752656,-34.868395
470_S/E TENO,-71.14118582,-34.86796232
1706_S/E CEMENTOS BIO BIO CENTRO,-71.143135,-34.866942
1693_S/E PLANTA MDP TENO,-71.090035,-34.859135
477_S/E TENO EMPALME,-71.166075,-34.85365
293_S/E CENTRAL LA CONFLUENCIA,-70.554951,-34.833157
2397_S/E SOLIS,-71.13920604,-34.81938575
929_S/E QUINTA (FFCC),-71.064687,-34.816158
822_S/E QUINTA,-71.067843,-34.796227
2106_S/E CENTRAL CONVENTO VIEJO,-71.129057,-34.767913
2105_S/E SECCIONADORA CONVENTO VIEJO,-71.129124,-34.76462
2336_S/E CENTRAL PUNTA DEL VIENTO,-70.4389780636013,-34.755126533157
2374_S/E CENTRAL HP PIEDRAS NEGRAS,-70.43722203,-34.75491415
2373_S/E TAP OFF PIEDRAS NEGRAS,-70.43812939,-34.75451996
292_S/E CENTRAL LA HIGUERA,-70.713688,-34.752488
2322_S/E CENTRAL CORRALES,-70.4045674923723,-34.7417776598863
1667_S/E CENTRAL SAN ANDRES (HSA),-70.383701,-34.734979
388_S/E CHIMBARONGO,-71.037051,-34.733307
2089_S/E PUENTE NEGRO,-70.89708287,-34.68918029
648_S/E NANCAGUA,-71.202217,-34.656892
2362_S/E PUQUILLAY,-71.1942823707054,-34.6562081554753
651_S/E PLACILLA,-71.13171,-34.645271
649_S/E PANIAHUE,-71.3448,-34.63167
2363_S/E SANTA CRUZ,-71.3564983779398,-34.6218908855987
607_S/E TINGUIRIRICA,-71.016015,-34.611454
392_S/E COLCHAGUA,-70.9795,-34.600821
404_S/E SAN FERNANDO,-70.9831,-34.597833
928_S/E SAN FERNANDO (FFCC),-70.983986,-34.597071
369_S/E LA RONDA,-70.959192,-34.557741
645_S/E LIHUEIMO,-71.409422,-34.540678
437_S/E PELEQUEN,-70.890827,-34.472056
428_S/E MALLOA,-70.959425916614,-34.4602684578171
493_S/E MALLOA NUEVA,-70.95883,-34.458826
2159_S/E CENTRAL CIPRESILLOS,-70.3032081549889,-34.4400975787061
409_S/E SAN VICENTE DE TAGUA TAGUA,-71.093376,-34.435566
2357_S/E FUENTECILLA,-71.0909754965547,-34.4282494799407
402_S/E RENGO,-70.863607,-34.414676
927_S/E RENGO (FFCC),-70.868583,-34.408434
647_S/E MARCHIGÜE,-71.623726,-34.401738
627_S/E ALCONES,-71.724981,-34.39717
496_S/E QUINTA DE TILCOCO,-70.970347,-34.363818
488_S/E ROSARIO,-70.825425,-34.347772
652_S/E PORTEZUELO,-71.613139,-34.347721
2158_S/E ALTO CACHAPOAL,-70.3791691364188,-34.3433823792822
639_S/E LA ESPERANZA,-71.559567,-34.330094
370_S/E LAS CABRAS,-71.296442,-34.296166
391_S/E CHUMAQUITO,-70.79883,-34.281841
1660_S/E CENTRAL CHACAYES,-70.452517,-34.27557
425_S/E LORETO,-71.029531,-34.26362
1707_S/E CENTRAL SAUZALITO,-70.630985,-34.253045
590_S/E SAUZAL,-70.631584,-34.251969
2130_S/E SAUZAL 60HZ,-70.6319532997875,-34.2516439907995
979_S/E MINERA VALLE CENTRAL,-70.675186,-34.24163
2127_S/E CENTRAL PANGAL,-70.44244,-34.239369
2128_S/E TAP OFF,-70.473566,-34.234526
926_S/E LOS LIRIOS (FFCC),-70.784576,-34.228596
460_S/E EL MANZANO (CGE),-71.401995,-34.222006
2129_S/E TORRE 7,-70.5338921945146,-34.2120076344262
423_S/E LO MIRANDA,-70.889829,-34.207476
302_S/E CENTRAL COYA,-70.52598,-34.204954
2126_S/E MAITENES,-70.561805,-34.195917
2080_TAP OFF,-70.5615843081894,-34.1956973700262
303_S/E INTERCONEXION CHACAYES,-70.561633,-34.195641
489_S/E MACHALI,-70.676094,-34.19402
383_S/E CACHAPOAL,-70.751424,-34.19095
1033_TAP OFF PUNTA DE CORTES,-70.8403520780994,-34.1835851070083
400_S/E PUNTA DE CORTES,-70.839793,-34.183506
955_S/E R2,-70.75283407,-34.177676
954_S/E R,-70.75069057,-34.176327
373_S/E ALAMEDA,-70.726311,-34.167914
587_S/E RANCAGUA,-70.726545,-34.166167
2259_S/E LA ESTRELLA,-71.631202785467,-34.1470441178555
417_S/E TUNICHE,-70.753846,-34.11967
914_S/E EL COBRE (CODELCO),-70.4526146,-34.10684195
234_S/E MINERO,-70.473117,-34.09044
912_S/E COLON,-70.463718,-34.087744
913_S/E CORDILLERA (EL TENIENTE),-70.455447,-34.087687
1763_S/E SEWELL,-70.383466,-34.086682
2385_S/E CARDONAL,-71.67060826,-34.08514031
958_S/E GRANEROS INDURA,-70.7153120103788,-34.0804321528398
925_S/E GRANEROS (FFCC),-70.724834,-34.062998
363_S/E GRANEROS,-70.710215,-34.06094
1711_S/E CENTRAL UCUQUER,-71.616766,-34.044606
499_S/E ALHUE,-71.055001,-34.041555
250_S/E CENTRAL RAPEL (ENEL GENERACION),-71.588691,-34.041437
653_S/E QUELENTARO,-71.586482,-34.040312
656_S/E REGULADORA RAPEL,-71.584051,-34.039275
1642_S/E RAPEL,-71.58484,-34.038625
222_S/E CENTRAL CANDELARIA,-70.613595,-34.034668
221_S/E CANDELARIA,-70.611665,-34.033887
2383_S/E CODEGUA,-70.67346186,-34.0242093
1050_TAP OFF NIHUE,-71.5241509959658,-34.004078178226
661_S/E SANTA ROSA (CGE),-71.31166457,-33.98964793
405_S/E SAN FRANCISCO DE MOSTAZAL,-70.701864,-33.981594
636_S/E EL PEUMO,-71.404887,-33.955519
640_S/E LA MANGA,-71.563765,-33.921025
642_S/E LAS ARAÑAS,-71.413212,-33.907941
924_S/E HOSPITAL (FFCC),-70.745115,-33.866207
366_S/E HOSPITAL,-70.74311,-33.864868
435_S/E PAINE,-70.751215,-33.82406
2009_S/E CENTRAL VOLCAN,-70.21496,-33.820622
203_S/E CENTRAL QUELTEHUES,-70.218919,-33.812145
374_S/E FATIMA,-70.755149,-33.808664
646_S/E MANDINGA,-71.277825,-33.789122
381_S/E BUIN (CGE),-70.736298,-33.73514
631_S/E CHOCALAN,-71.21242,-33.726545
225_S/E MAIPO,-70.69173,-33.716098
560_S/E ALTO JAHUEL,-70.69426,-33.714759
923_S/E LOS GUINDOS (FFCC),-70.7236079703028,-33.7112737126381
680_S/E BUIN (ENEL DISTRIBUCION),-70.692295,-33.710793
478_S/E ISLA DE MAIPO,-70.927452,-33.710216
1636_S/E PAPELERA TALAGANTE,-70.934302,-33.708964
634_S/E EL MONTE,-70.969308,-33.708893
1654_S/E CENTRAL SANTA MARTA,-70.797606,-33.700577
635_S/E EL PAICO,-71.054901,-33.699877
628_S/E BAJO MELIPILLA,-71.2036,-33.697854
2238_S/E SECCIONADORA ALTO MELIPILLA,-71.236167776684,-33.6923452458132
776_S/E ALTO MELIPILLA,-71.237476,-33.691374
1045_TAP OFF ALTO MELIPILLA (CGE),-71.2359656001147,-33.6911200189674
633_S/E EL MAITEN,-71.180803,-33.676893
461_S/E PIRQUE,-70.611795,-33.650112
2350_S/E BAJOS DE MENA,-70.6068997734647,-33.632678310964
832_S/E COSTANERA,-70.56681362,-33.61958606
239_S/E CENTRAL PUNTILLA,-70.5350176,-33.61835078
833_S/E PUENTE ALTO (EEPA),-70.53733189,-33.61804064
692_S/E LA PINTANA,-70.61634598,-33.61779246
643_S/E LEYDA,-71.465177,-33.617573
717_S/E SAN BERNARDO,-70.717588,-33.609752
706_S/E MALLOCO,-70.858211,-33.609551
1595_S/E PUENTE ALTO (CMPC)(EL RACO),-70.5573221263385,-33.6080415526744
891_S/E PUENTE ALTO (CMPC),-70.557643,-33.607911
259_S/E CENTRAL GUAYACAN,-70.359583,-33.602755
798_S/E SAN ANTONIO,-71.603329,-33.601396
1634_S/E MARISCAL,-70.65603869,-33.59872098
725_S/E SANTA ROSA SUR,-70.59790868,-33.58186935
1625_S/E LA LAJA ENERGIA COYANCO,-70.420337,-33.581077
1052_S/E TAP OFF LA LAJA,-70.420432034347,-33.5807730980222
2075_S/E CENTRAL ALFALFAL II,-70.2342979425749,-33.5747202601853
834_S/E VIZCACHAS,-70.50827655,-33.57463896
2090_S/E PADRE HURTADO,-70.8106324,-33.5628055
629_S/E BOLLENAR,-71.210426,-33.561914
695_S/E LAS ACACIAS,-70.725806,-33.560116
2074_S/E CENTRAL LAS LAJAS,-70.2917024038511,-33.5566756249321
724_S/E SANTA RAQUEL,-70.60344938,-33.54996352
1778_S/E CENTRAL FLORIDA 3 (SCM),-70.542852,-33.548043
1780_S/E CENTRAL EL RINCON,-70.54278,-33.547955
319_S/E CENTRAL FLORIDA 1 (SCM),-70.54531,-33.547792
1777_S/E CENTRAL FLORIDA 2 (SCM),-70.54506,-33.547575
689_S/E FLORIDA,-70.544866,-33.54722
2058_S/E ALTO MAIPO,-70.2859916835185,-33.5455327951676
723_S/E SANTA MARTA,-70.765072,-33.541345
201_S/E CENTRAL MAITENES,-70.2619581,-33.53127894
698_S/E LO ESPEJO,-70.711376,-33.53056
710_S/E PANAMERICANA,-70.711121,-33.530242
241_S/E CENTRAL CARENA,-70.95231551,-33.52845057
684_S/E CHENA,-70.72614,-33.526663
1606_S/E BICENTENARIO,-70.73874111,-33.5244197
690_S/E LA CISTERNA,-70.66788785,-33.52356377
802_S/E SAN SEBASTIAN,-71.597892,-33.517972
705_S/E MAIPU,-70.732873,-33.515341
919_S/E LO ESPEJO (FFCC),-70.684681,-33.509554
704_S/E MACUL,-70.57436242,-33.50623754
199_S/E CENTRAL ALFALFAL,-70.19336036,-33.50225992
709_S/E PAJARITOS,-70.747461,-33.491307
719_S/E SAN JOAQUIN (ENEL DISTRIBUCION),-70.62679731,-33.48427695
707_S/E MOVIL,-70.6676469898754,-33.4792651367127
708_S/E OCHAGAVIA,-70.667647,-33.479264
700_S/E LO VALLEDOR,-70.68876,-33.475226
722_S/E SANTA ELENA,-70.60926012,-33.47467604
685_S/E CLUB HIPICO,-70.66506633,-33.47294675
693_S/E LA REINA,-70.564971,-33.462125
699_S/E LO PRADO,-70.909796,-33.456715
2014_S/E NEPTUNO,-70.723573,-33.45422
696_S/E LO AGUIRRE,-70.908051,-33.448101
720_S/E SAN JOSE,-70.70778033,-33.44684416
963_S/E METRO,-70.655524,-33.44624
701_S/E LORD COCHRANE,-70.65486142,-33.44614603
1746_S/E SECCIONADORA LO AGUIRRE,-70.89773497,-33.44005082
676_S/E ANDES (ENEL DISTRIBUCION),-70.53534895,-33.4342192
679_S/E BRASIL,-70.66344841,-33.43106083
702_S/E LOS ALMENDROS,-70.508448,-33.42772
845_S/E EL TOTORAL,-71.636975,-33.427501
718_S/E SAN CRISTOBAL,-70.639352,-33.427303
721_S/E SAN PABLO,-70.771439,-33.426442
686_S/E CURACAVI,-71.04318,-33.42353
565_S/E CERRO NAVIA (TRANSELEC),-70.730084,-33.42253
1790_S/E CERRO NAVIA (ENEL DISTRIBUCION),-70.72971588,-33.42196566
682_S/E CARRASCAL,-70.686807,-33.421503
712_S/E PUDAHUEL,-70.729557,-33.420861
2013_S/E CENTRAL NUEVA RENCA,-70.687638,-33.418574
2012_S/E CENTRAL RENCA,-70.688826,-33.41725
715_S/E RENCA,-70.68936,-33.417178
675_S/E ALTAMIRANO,-70.688192,-33.41132
726_S/E VITACURA,-70.60439196,-33.41018592
677_S/E APOQUINDO,-70.56467,-33.40981
674_S/E ALONSO DE CORDOVA,-70.576115,-33.405982
703_S/E LOS DOMINICOS,-70.516518,-33.392315
697_S/E LO BOZA,-70.75461624,-33.38901537
846_S/E LAS BALANDRAS,-71.678589,-33.385319
714_S/E RECOLETA,-70.638998,-33.382447
2474_S/E LOS POETAS,-71.64072607,-33.38224432
847_S/E LAS PINATAS,-71.616881,-33.375473
713_S/E QUILICURA,-70.69890954,-33.37085235
848_S/E SAN JERONIMO,-71.593598,-33.368146
2290_S/E LITORAL CENTRAL,-71.5934573470394,-33.3681264256668
2360_S/E CGE1 MOVIL,-71.591604,-33.367789
861_S/E LA ERMITA,-70.397665,-33.36699
688_S/E EL SALTO,-70.628612,-33.359119
2136_S/E TAP LIBERTADORES,-70.6924961251603,-33.3577012720964
691_S/E LA DEHESA,-70.571218,-33.344647
775_S/E ALGARROBO NORTE,-71.600774,-33.335858
683_S/E CHACABUCO,-70.71108187,-33.33434153
2211_S/E NUEVA LAMPA,-70.7577716528608,-33.3197330184503
694_S/E LAMPA,-70.757683,-33.318953
777_S/E CASABLANCA,-71.417798,-33.315482
2433_S/E LAS CANTERAS,-70.70804778,-33.31386963
863_S/E LOS MAITENES,-70.35784,-33.304867
1741_S/E CHICUREO,-70.653278,-33.289727
678_S/E BATUCO,-70.73086426,-33.26765663
860_S/E PHI,-70.340487,-33.211055
793_S/E QUINTAY,-71.6596,-33.209693
584_S/E POLPAICO (TRANSELEC),-70.860888,-33.197986
1118_S/E SANTA FILOMENA,-70.566232,-33.19386
864_S/E SAN FRANCISCO,-70.335223,-33.17403
869_S/E CONFLUENCIA,-70.326552,-33.167717
892_S/E MOVIL N°1,-70.266386,-33.159415
905_S/E EM N°1,-70.266386,-33.159415
687_S/E EL MANZANO (ENEL DISTRIBUCION),-70.792625,-33.158926
878_S/E PRINCIPAL PLANTA POLPAICO,-70.831922,-33.152107
1745_S/E MOVIL N°2,-70.24876825,-33.15156547
862_S/E LOS BRONCES,-70.284813,-33.148442
899_S/E MINA,-70.284825,-33.148432
865_S/E SAG 1,-70.2904,-33.148017
866_S/E SAG 2,-70.2904,-33.148017
867_S/E MINA NUEVA,-70.28753,-33.1456
868_S/E MOLIENDA 3,-70.288353,-33.145082
227_S/E LAS TORTOLAS,-70.702331,-33.142564
1752_S/E NUEVA NIVEL 11,-70.2606040142443,-33.140525170478
1751_S/E NUEVA NIVEL 17,-70.26060403,-33.14052505
995_TAP OFF PUNTA PEUCO,-70.8271384134286,-33.1189833172774
1563_S/E PUNTA PEUCO (CEMENTO POLPAICO),-70.82713843,-33.1189833
711_S/E POLPAICO (ENEL DISTRIBUCION),-70.826714,-33.11898
2473_S/E DON HUMBERTO,-70.82956632,-33.1164487
790_S/E PLACILLA (CHILQUINTA),-71.559036,-33.108401
200_S/E CENTRAL LAGUNA VERDE,-71.67762,-33.103456
1779_S/E CENTRAL QUILAPILUN,-70.650136,-33.102854
904_S/E MOLINO DE BOLAS,-70.2535940456419,-33.0982471963802
902_S/E CORDILLERA (ANDINA),-70.253315,-33.09716
2384_S/E HUERTOS FAMILIARES,-70.7905379482262,-33.0966805798017
1056_S/E EL LLANO,-70.56377,-33.094326
900_S/E MOLINOS,-70.25414,-33.094076
898_S/E SAG,-70.25573038,-33.09277245
2289_S/E LA POLVORA,-71.6271401157728,-33.0871163869578
1791_S/E CENTRAL SANTIAGO SOLAR,-70.858834,-33.081744
774_S/E AGUA SANTA,-71.541984,-33.076278
804_S/E VALPARAISO,-71.622078,-33.055456
787_S/E LOS PLACERES,-71.578642,-33.049092
1757_S/E PEÑABLANCA,-71.328022,-33.04758
1128_S/E SER EL SALTO,-71.513879,-33.046339
791_S/E PLAYA ANCHA,-71.647976,-33.043185
1129_S/E SER VILLA ALEMANA,-71.37115,-33.042225
1127_S/E SEAT EL SOL,-71.423953,-33.039954
792_S/E QUILPUE,-71.423952,-33.039364
907_S/E REFUGIO KM 21,-70.2531270805769,-33.0358211290678
896_S/E KM 21,-70.253243,-33.035201
788_S/E MIRAFLORES,-71.525428,-33.034643
1130_S/E SER PORTALES,-71.5844444082911,-33.0258334968755
479_S/E MARGA MARGA,-71.546396,-33.024422
716_S/E RUNGUE,-70.898106,-33.00866
918_S/E RUNGUE (FFCC),-70.893874,-33.008426
681_S/E CALEU,-70.961682,-32.996118
795_S/E REÑACA,-71.529028,-32.979989
323_S/E CENTRAL LOMA LOS COLORADOS,-70.804452,-32.95797
586_S/E QUILLOTA,-71.25022,-32.953082
897_S/E SALADILLO,-70.269981,-32.951613
2219_S/E CENTRAL NEHUENCO II,-71.3225753150106,-32.9376763569429
226_S/E CENTRAL NEHUENCO I,-71.324093,-32.93762
615_S/E SAN LUIS,-71.3152,-32.937477
252_S/E CENTRAL SAN ISIDRO II,-71.314503,-32.9369
251_S/E CENTRAL SAN ISIDRO I,-71.315746,-32.936858
204_S/E SAN PEDRO (CTNG),-71.264863,-32.936242
922_S/E SAN PEDRO (FFCC),-71.2644390219799,-32.935898434268
2220_S/E CENTRAL NEHUENCO III,-71.3238002676523,-32.9355385369585
206_S/E TORQUEMADA,-71.472297,-32.935312
1692_S/E BOSQUEMAR,-71.516251,-32.934493
780_S/E CONCON,-71.473915,-32.933494
2372_S/E MOVIL QUINTA REGION,-71.5173832202504,-32.9331266992168
291_S/E CENTRAL COLMITO,-71.473498,-32.930154
949_S/E MAUCO,-71.496106,-32.928018
2050_S/E ACONCAGUA TG,-71.4919985307987,-32.9277332711852
901_S/E SPPC,-70.2858700783386,-32.92660819774
796_S/E RIECILLOS,-70.35374,-32.924487
280_S/E ACONCAGUA,-70.32936,-32.917104
2358_S/E MESETA DE LOS ANDES,-70.534661,-32.916808
797_S/E RIO BLANCO,-70.301321,-32.910972
314_S/E CENTRAL HORNITOS,-70.263694,-32.901471
2031_S/E CENTRAL JUNCALITO,-70.26962,-32.901176
783_S/E JUNCAL PORTILLO,-70.148433,-32.870826
2071_S/E MAYACA,-71.229608916902,-32.867647842078
2072_TAP OFF MAYACA,-71.18104,-32.866567
285_S/E CENTRAL LOS QUILOS,-70.40822181,-32.86613867
300_S/E LOS MAQUIS,-70.410482,-32.865723
301_S/E TOTORALILLO,-70.505742,-32.853965
299_S/E CENTRAL CHACABUQUITO,-70.505775,-32.853616
917_S/E CRISTALERIAS,-70.947507,-32.848115
2161_S/E CENTRAL LOS VIENTOS,-71.0130818398602,-32.8436666609758
785_S/E LAS VEGAS (CHILQUINTA),-71.012192,-32.843162
281_S/E ESPERANZA,-71.01017,-32.842494
2346_S/E LOS VILLARES,-70.62869716,-32.83617855
921_S/E LOS ANDES (FFCC),-70593,-32829
801_S/E SAN RAFAEL (CHILQUINTA),-70.6127,-32.824195
2306_S/E RIO ACONCAGUA,-70.9882143697593,-32.820934960495
2380_S/E ESTANCILLA,-70.9626272206708,-32.8086950300732
857_S/E FUNDICION CHAGRES,-70.956484,-32.806424
779_S/E CHAGRES,-70.953802,-32.80433
2215_S/E NUEVA PANQUEHUE,-70.911237959341,-32.8042072464397
284_S/E CERRO CALERA,-71.195438,-32.796815
784_S/E LA CALERA,-71.195779,-32.796255
789_S/E PANQUEHUE,-70.830034,-32.791882
877_S/E CEMENTO MELON,-71.19855,-32.789706
283_S/E CALERA CENTRO,-71.19874484,-32.78906245
256_S/E CENTRAL QUINTERO,-71.485198,-32.788182
2320_S/E PUCHUNCAVI,-71.47827886,-32.78627319
956_S/E GNL QUINTERO,-71.487595,-32.77825
2149_S/E EL BATO,-71.487601,-32.776964
778_S/E CATEMU,-70.960603,-32.775444
915_S/E CODELCO VENTANAS 1,-71.482551,-32.765203
799_S/E SAN FELIPE,-70.715244,-32.761085
1122_S/E CODELCO VENTANAS 2,-71.484181,-32.760105
794_S/E QUINTERO,-71.483858,-32.751814
207_S/E VENTANAS,-71.481003,-32.749457
240_S/E NUEVA VENTANAS,-71.481679,-32.74917
2168_S/E CENTRAL NUEVA VENTANAS,-71.482392,-32.74915
2187_S/E CENTRAL CAMPICHE,-71.482245,-32.748696
605_S/E NOGALES,-71.226414,-32.720312
781_S/E EL MELON,-71.201111,-32.695292
1120_S/E COMPRESORA MINA NAVIO,-71.194416,-32.674287
1119_S/E PRINCIPAL MINA NAVIO,-71.196589,-32.671081
858_S/E EL COBRE [ANGLOAMERICAN),-71.144734,-32.660806
487_S/E MARBELLA,-71.425241,-32.655074
803_S/E TUNEL EL MELON,-71.230383,-32.629935
786_S/E LOS ANGELES,-70.94362,-32.59948
398_S/E CASAS VIEJAS,-71.365931,-32.599274
1630_S/E CERRO NEGRO,-70.880836,-32.584283
2002_S/E DOÑA CARMEN,-71.254452,-32.478684
401_S/E QUINQUIMO,-71.325218,-32.437736
382_S/E CABILDO,-71.076706,-32.436875
1131_TAP OFF MAURO,-70.8511104258366,-31.9471452862455
975_S/E MAURO,-71.006057,-31.942943
2146_S/E CENTRAL CHAGUAL,-71.4774519442499,-31.9416201138743
475_S/E QUEREO,-71.476883,-31.939488
579_S/E LOS VILOS,-71.478016,-31.938594
390_S/E CHOAPA,-71.476956,-31.937767
313_S/E CENTRAL LOS OLIVOS,-71.476152,-31.936367
2412_S/E CENTELLA,-70.856388,-31.901158
294_S/E CENTRAL LOS ESPINOS,-71.450311,-31.883362
2335_S/E CARACAS II,-71.4324778107064,-31.8781481806624
2341_S/E EL CHACAY,-70.575026478065,-31.8212288393313
974_S/E LOS PIUQUENES,-70.57847164,-31.81197604
403_S/E SALAMANCA,-70.984962,-31.760949
367_S/E ILLAPEL,-71.146974,-31.624054
295_S/E CENTRAL TOTORAL 1,-71.595746,-31.346567
355_S/E EL ESPINO,-71.09493734,-31.33234123
254_S/E SECCIONADORA CANELA,-71.616431,-31.303849
257_S/E CENTRAL ELEVADORA CANELA II,-71.61625526,-31.30356067
296_S/E TOTORAL 2,-71.59089,-31.289238
611_S/E LAS PALMAS,-71.589697,-31.287859
1718_S/E CENTRAL PUNTA PALMERAS,-71.6159461,-31.23875117
396_S/E COMBARBALA,-71.009914,-31.176178
2145_S/E CENTRAL COMBARBALA,-71.0871433456338,-31.1425320184355
2079_S/E PUNTA SIERRA,-71.613951,-31.136116
357_S/E EL SAUCE,-71.131968,-31.07449
272_S/E CENTRAL MONTE REDONDO,-71.61252168,-31.06136137
1700_S/E CENTRAL LA CEBADA,-71.614222,-31.033632
2132_S/E CENTRAL TALINAY PONIENTE,-71.603443,-30.86458
1673_S/E CENTRAL TALINAY ORIENTE,-71.598406,-30.863593
431_S/E PUNITAQUI,-71.24332721,-30.85551497
2163_S/E CENTRAL LOS MOLLES,-70.5870190259,-30.7440231345362
578_S/E LOS MOLLES,-70.586982,-30.743693
432_S/E MONTE PATRIA,-70.954981,-30.690328
421_S/E OVALLE,-71.187352,-30.595981
1698_S/E CENTRAL EL ARRAYAN,-71.690347,-30.561836
1697_S/E DON GOYO,-71.493438,-30.546382
2411_S/E DOÑA ANTONIA,-71.16693011,-30.47179144
2332_S/E LA RUCA,-71.1658344187461,-30.4712234329352
977_S/E MINERA TECK CDA 110 KV,-71.090102,-30.26296
978_S/E MINERA TECK CDA 220 KV,-71.09207678,-30.26053005
1762_S/E MINERA DAYTON,-71.09351865522,-30.2334613284682
377_S/E ANDACOLLO,-71.0935,-30.233457
1653_S/E CENTRAL SDGX01,-71.093034,-30.23018
2195_S/E C.R. LLANOS BLANCOS,-71.2172638650738,-30.1524283095201
2196_S/E TAP OFF LLANOS BLANCOS,-71.2191096603259,-30.148635331835
356_S/E EL PEÑON,-71.228505,-30.143363
267_S/E CENTRAL LAS PIEDRAS,-71.229442,-30.142562
1795_S/E NUEVA PAN DE AZUCAR,-71.21578488,-30.12062688
419_S/E VICUÑA,-70.71489,-30.05178
2376_S/E DAMASCAL,-70.994237,-30.002636
491_S/E SAN JUAN,-71.327968,-29.980195
581_S/E PAN DE AZUCAR,-71.277501,-29.97706
430_S/E MARQUESA,-70.973702,-29.975995
352_S/E GUAYACAN,-71.354703,-29.965257
406_S/E SAN JOAQUIN (CGE),-71.24276,-29.921468
371_S/E LAS COMPAÑIAS,-71.228661,-29.860778
672_S/E BAÑOS DEL TORO,-70.026207,-29.837897
886_S/E ROMERAL (CMP),-71.22751,-29.733062
2213_S/E TRES QUEBRADAS,-70.214700787257,-29.4188425365508
606_S/E PUNTA COLORADA,-71.047973,-29.36694
210_S/E CENTRAL PUNTA COLORADA,-71.043463,-29.36689700000001
2214_S/E LAMA,-69.9709084241178,-29.3331748977443
368_S/E INCAHUASI,-71.026551,-29.257656
1776_S/E CENTRAL LA SILLA,-70.743926,-29.21206
2261_S/E CENTRAL LA HUELLA,-70.8959999875079,-29.1415001244961
2004_S/E EL PELICANO,-70.879608,-29.140687
2003_S/E DON HECTOR,-70.932571,-29.126491
2143_S/E CENTRAL PAJONALES,-70.914394,-29.113917
952_S/E PAJONALES,-70.9190590448376,-29.1119193115206
1994_S/E CENTRAL EL ROMERO,-70.919128,-29.111265
2228_S/E CABO LEONES II,-71.445751,-28.975089
570_S/E DOS AMIGOS,-70.896822,-28.968572
2378_S/E IBERATACAMA,-71.4803229401944,-28.9495146306314
2055_S/E CENTRAL PARQUE EOLICO CABO LEONES I,-71.443875,-28.946349
1792_S/E CENTRAL PARQUE EOLICO SAN JUAN,-71.463106,-28.878323
2096_S/E SARCO,-71.422279,-28.857302
2388_S/E AGUA AMARGA,-70.81313991,-28.83224373
884_S/E ALGARROBO,-70.977962,-28.799688
616_S/E ALTO DEL CARMEN,-70.48643508,-28.75468447
1659_S/E CENTRAL RIO HUASCO,-70.644334,-28.675917
906_S/E EM N°2,-35.8578434636448,-28.6578762050008
593_S/E VALLENAR,-70.77873522,-28.56338017
1044_TAP OFF EL EDEN,-70.7792049781618,-28.5633650043642
1794_S/E NUEVA MAITENCILLO,-70.928938,-28.54294
855_S/E AGROSUPER,-70.92520598,-28.53835897
580_S/E MAITENCILLO,-70.924214,-28.535684
2182_S/E C.R. MAITENCILLO,-70.9197997202703,-28.5092504826525
882_S/E PELLETS,-71.245673,-28.479094
1768_S/E NUEVA PELLETS,-71.245673,-28.479094
574_S/E HUASCO,-71.252996,-28.47000600000001
277_S/E CENTRAL GUACOLDA,-71.25766711,-28.46613032
881_S/E LOS COLORADOS,-70.813862,-28.289348
1649_S/E CASERONES,-69.53987,-28.185606
2249_S/E ALGARROBAL,-70.6585278870694,-28.1797098325515
1650_S/E JORQUERA,-69.97642,-28.043413
2368_S/E SANTA ESTER SOLAR,-70.5457338818148,-27.8985530358694
564_S/E CASTILLA,-70.53227078,-27.89477714
2264_S/E CENTRAL RIO ESCONDIDO,-70.2060827551332,-27.8819963505635
1781_S/E CENTRAL PARQUE SOLAR LOS LOROS,-70.168943,-27.853853
2319_S/E VALLE ESCONDIDO,-70.26781794702,-27.8115883343923
622_S/E LOS LOROS,-70.1280371,-27.80653638
618_S/E CERRILLOS,-70.255324,-27.575294
619_S/E CHAÑARAL,-70.2551758678804,-27.5752709744095
972_S/E MINERA MARICUNGA,-69.288149,-27.547597
965_S/E MINERA LA CANDELARIA,-70.30352,-27.529503
883_S/E MAGNETITA,-70.31992,-27.52053
1793_S/E NUEVA CARDONES,-70.42598,-27.518674
872_S/E ATACAMA KOZAN,-70.271298,-27.504942
276_S/E CENTRAL TERMOPACIFICO,-70.382429,-27.49206999999999
562_S/E CARDONES,-70.387215,-27.488705
1789_S/E CENTRAL CARDONES SOLAR I,-70.385581,-27.488004
212_S/E CENTRAL CARDONES,-70.385461,-27.48798499999999
238_S/E CENTRAL CENIZAS,-70.391159,-27.484653
1765_S/E COPAYAPU,-70.381366,-27.484147
624_S/E TIERRA AMARILLA,-70.293001,-27.480115
948_S/E FUNDICION PAIPOTE,-70258,-27.4166
278_S/E PLANTA MATTA,-70.25495861,-27.41642746
623_S/E PLANTAS,-70.265783,-27.408484
621_S/E HERNAN FUENTES,-70.335824,-27.379441
620_S/E COPIAPO,-70.335262,-27.37916484
1704_S/E EB2,-70.642139,-27.377655
1686_S/E TRAVESIA,-70.439502,-27.350353
1764_S/E GALLEGUILLOS,-70.379994,-27.260261
1671_S/E CENTRAL SAN ANDRES (SAN ANDRES SPA),-70.108011,-27.252573
2033_S/E SECCIONADORA SAN ANDRES,-70.108363,-27.251999
871_S/E IMPULSION,-70.342809,-27.222352
1054_TAP OFF IMPULSION,-70.361270730159,-27.2054466664168
1668_S/E SECCIONADORA LLANO DE LLAMPOS,-70.180532,-27.196874
1669_S/E CENTRAL LLANO DE LLAMPOS,-70.163117,-27.124127
1651_S/E CERRO NEGRO NORTE,-70.326525,-27.106869
617_S/E CALDERA,-70.802977,-27.089338
1687_S/E PUNTA PADRONES,-70.841063,-27.055585
2273_S/E CAMPOS DEL SOL,-69.9165337889178,-27.0529371675192
1744_S/E CENTRAL LUZ DEL NORTE,-69.892976,-27.018118
563_S/E CARRERA PINTO,-69.90269,-27.00193
1767_S/E PASTORA,-69.876146,-27.00098
1652_S/E TOTORALILLO (CAP CMP),-70.8073388795809,-26.8769249058193
969_S/E LA COIPA,-69.267645,-26.827649
2070_S/E ILLAPA,-69.950181,-26.604962
2337_S/E INCA DE ORO,-69.9602913430952,-26.5860098239217
870_S/E MANTO VERDE,-70.326093,-26.560075
1701_S/E BOMBEO 2,-70.49998,-26.551461
1699_S/E PLANTA DESALADORA Y BOMBEO N°1,-70.695216,-26.540538
909_S/E POTRERILLOS,-69.481818,-26.43982
571_S/E EL SALADO,-70.320778,-26.427254
1766_S/E CENTRAL ANDES GENERACION,-70.043777,-26.405806
1724_TAP OFF CHAÑARES,-70.082808,-26.404807
269_S/E CENTRAL SAN LORENZO DE DIEGO DE ALMAGRO,-70.03824289,-26.3999662
569_S/E DIEGO DE ALMAGRO,-70.038647,-26.398464
271_S/E CENTRAL EMELDA,-70.021782,-26.3807
1725_S/E CENTRAL CHAÑARES,-70605,-26.3411
2299_S/E RIO SALADO,-69.9218985027121,-26.335792859578
910_S/E LLANTA,-69.7991644209724,-26.3289995712602
2298_S/E SOL DE LOS ANDES,-69.9225175974025,-26.3190857158497
1735_S/E CENTRAL PV SALVADOR,-69.866902,-26.313072
1742_S/E CENTRAL JAVIERA,-70.209845,-26.303857
908_S/E EL SALVADOR,-69.596152,-26.281454
2285_S/E MALGARIDA II,-69.9601474042556,-26.2704181205455
2284_S/E MALGARIDA,-69.9635886059235,-26.2700237134638
2283_S/E MALGARIDA I,-69.9600289983959,-26.2694521142162
2356_S/E BELLA MONICA,-69.9892384422084,-26.2596927000572
2026_S/E CUMBRE,-69.989465,-26.256777
2181_S/E ALMEYDA,-70.0956288720832,-26.1986638121121
964_S/E MINERA FRANKE,-69.88223,-25.837337
967_S/E PLANTA OXIDO,-70.31068188,-25.7977013
966_S/E LAS LUCES,-70.36672375,-25.71677705
1758_S/E CACHIYUYAL,-70.31325103,-25.54459246
1784_S/E SECCIONADORA FRANCISCO,-70.31441,-25.543344
1759_S/E CENTRAL PAMPA NORTE,-70.195701,-25.54017
1783_S/E CONEJO,-70.168351,-25.512122
836_S/E TALTAL (ELECDA),-70.47374057,-25.41313446
1723_S/E CENTRAL LALACKAMA,-70.313507,-25.107493
2028_S/E GUANACO,-69.539389,-25.100852
1739_TAP OFF TALTAL,-70.3308846200268,-25.09900944485729
1720_S/E CENTRAL PARQUE EOLICO TALTAL,-69.87,-25.064688
2027_S/E PORTAL GCM,-69.851478,-25.059767
2063_S/E PARANAL,-70.464063,-24.988831
582_S/E PAPOSO,-70.464787,-24.988477
249_S/E CENTRAL TALTAL (ENEL GENERACION),-70.465885,-24.98847
2382_S/E PARINAS,-69.8498365048125,-24.805964448777
2019_S/E ARMAZONES,-70.288864,-24.641915
2369_S/E COLORADO CHICO,-69.1299657021393,-24.465259639203
1866_S/E EL PEÑON (MINERA MERIDIAN),-69.49834,-24.41058
1806_S/E 418,-69.13692036,-24.39033491
1921_S/E PUNTA NEGRA,-68.91874516,-24.38109027
1805_S/E 416,-69.13410969,-24.38090821
1804_S/E 415,-69.08689232,-24.34780479
1911_S/E OGP1,-69.06419,-24.34697
1945_TAP OFF 538,-69.05754,-24.346173
1892_S/E LAGUNA SECA,-69.059999,-24.341203
1803_S/E 405,-69.0579842,-24.34080984
1944_TAP OFF 537,-69.048873,-24.331475
2042_S/E ESTE 6,-69.048578,-24.331461
1802_S/E 404,-69.04942312,-24.3294597
1808_S/E 940,-69.02074496,-24.30434868
1880_S/E HAMBURGO,-69.07392,-24.29885000000001
1943_TAP OFF 536,-69.0342055144727,-24.2987917102808
1801_S/E 403,-69.03482615,-24.29802374
1821_S/E BOOSTER,-68.9985417,-24.28239344
1799_S/E 360,-69.05152028,-24.27471658
1941_TAP OFF 534,-69.0508002576583,-24.2727750578175
1942_TAP OFF 535,-69.0518245115267,-24.2717360363077
1800_S/E 401,-69.05439531,-24.27005509
1894_S/E LIXIVIACION,-69.01486688,-24.2662526
1807_S/E 640,-69.0544618003845,-24.264229548605
1869_S/E ESCONDIDA,-69.060041,-24.260701
1918_S/E PLANTA OXIDOS,-69.104777,-24.252953
1936_S/E SULFUROS,-69.09618,-24.251909
1861_S/E DOMEYKO,-69.102311,-24.24371
1928_S/E SVC DOMEYKO,-69.101973,-24.242587
1912_S/E OLAP,-69.1356746988551,-24.2392144061487
1940_TAP OFF 003,-69.0109234671855,-24.23623973175
1870_S/E ESCONDIDA NORTE,-69.03928888,-24.22936159
1905_S/E MONTURAQUI,-68.34764531,-24.2207076
1846_S/E CHIMBORAZO,-69.25791295,-24.21449835
1989_S/E ZALDIVAR,-69.065635,-24.165544
1909_S/E NUEVA ZALDIVAR,-69.065421,-24.163421
1907_S/E NEURARA,-68.4713337,-24.16248051
2375_S/E LA PUNA,-66.895055,-24.140526
1811_S/E AGUAS BLANCAS,-69.86491173,-24.13547612
2100_S/E CENTRAL DIESEL AGUAS BLANCAS,-69.86491173,-24.13547612
1922_S/E PURI,-69.440676,-24.113644
2044_S/E NEGRILLAR,-68.2538330575811,-24.0917122222724
1963_TAP OFF ESTACION DE BOMBEO N°3,-69.4802134275457,-24.0883621528684
2310_S/E HADES,-69.5800000260818,-24.0600001104118
2293_S/E SOL DE LILA,-68.5842536396033,-24.0252634676741
1814_S/E ANDES (AES GENER),-68.584768,-24.017126
2212_S/E ANDES SOLAR II,-68.5810237624656,-24.015104591812
1815_S/E ANDES SOLAR,-68.584504,-24.013125
2333_S/E FUTURO,-68.566366,-24.009266
1973_TAP OFF PALESTINA,-69.7838689639674,-23.9089201067034
1968_TAP OFF LLANOS,-69.7872085220181,-23.9066173632488
1875_S/E FARELLON,-69.867697,-23.856165
2318_S/E PAMPA TIGRE,-69.8136282004736,-23.8555412421558
2317_S/E TIGRE,-69.8760431198367,-23.8392126907569
1962_TAP OFF ESTACION DE BOMBEO N°2,-69.8924858894909,-23.837230608227
1813_S/E ALTO NORTE,-70.320266,-23.825693
1966_TAP OFF LA NEGRA,-70.3241851941809,-23.7822701084185
1881_S/E INACESA,-70.32001,-23.780826
1956_TAP OFF EL NEGRO,-70.3188305010988,-23.7674190750901
2307_S/E LLANOS DEL VIENTO,-70.023595648523,-23.7644512688005
1857_S/E COLOSO,-70.470758,-23.76385
2282_S/E CENTRAL CERRO TIGRE,-69.9193623779733,-23.7610442982287
1937_S/E SUR,-70.420158,-23.714684
1910_S/E O'HIGGINS,-70.21498,-23.692164
1972_S/E TAP OFF OESTE,-68.6196469926925,-23.6904490902566
1871_S/E ESMERALDA,-70.388767,-23.673354
1840_S/E CENTRO,-70.39411475,-23.67250882
1817_S/E ANTOFAGASTA,-70.38002991,-23.63375689
2296_S/E CARBONATO,-70.258182141206,-23.6290689519491
2295_S/E ACCESO NORTE,-70.2549393416893,-23.6046475204758
1987_S/E URIBE,-70.274451,-23.601879
2288_S/E GUARDIAMARINA,-70.3733527240216,-23.5912623496396
2048_S/E URIBE SOLAR,-70.22288,-23.568003
1860_S/E DESALANT,-70.398621,-23.542908
1890_S/E LA PORTADA,-70.385883,-23.535852
1903_S/E MINSAL,-68.399573,-23.516787
2022_S/E BOLERO,-69.412272,-23.466391
1876_S/E FORTUNA,-69.5304327,-23.46279153
1824_S/E CAPRICORNIO,-70.215965,-23.457373
1863_S/E EL COBRE (ENGIE),-69.38445,-23.454024
1891_S/E LABERINTO,-69.409542,-23.447589
1899_S/E MANTOS BLANCOS,-70.07568845,-23.44615664
1878_S/E GABY,-68.822547,-23.441538
1897_S/E LOMAS BAYAS,-69.503394,-23.433138
2272_S/E ELEVADORA CAPRICORNIO,-70.181754990356,-23.4160734669038
2011_S/E LOS CHANGOS,-70.318544,-23.156321
1886_S/E KAPATUR,-70.340368,-23.145087
2174_S/E CAITAN,-70.339601,-23.144434
1952_S/E TAP OFF E.B. ALGORTA N°1,-70.3194881350968,-23.1372483586498
1953_S/E TAP OFF E.B. ALGORTA N°2,-70.1858758919475,-23.13038319975441
1874_S/E ESTACION DE BOMBEO SIERRA GORDA N°2,-70.4000473519043,-23.1037915133
1873_S/E ESTACION DE BOMBEO SIERRA GORDA N°1,-70.400919,-23.103788
1828_S/E CENTRAL DIESEL ENAEX,-70.430066,-23.096005
1902_S/E MEJILLONES,-70.419211,-23.095244
1820_S/E ATACAMA,-70.416983,-23.092652
2010_S/E TEN GIS,-70.410291,-23.091463
1825_S/E CENTRAL ATACAMA,-70.417215,-23.09081
1844_S/E CHACAYA,-70.410295,-23.090657
1833_S/E CENTRAL MEJILLONES,-70.411328,-23.090264
2267_S/E CENTRAL HORNITOS (TER),-70.407751,-23.088709
2266_S/E CENTRAL ANDINA,-70.407801,-23.088661
1904_S/E MOLYCOP,-70.402468,-23.088014
2064_S/E IEM,-70.4073669916578,-23.0862253116925
2179_S/E BOMBEO 2 (SGO),-70.21825,-23.079076
1816_S/E ANGAMOS,-70.368876,-23.067896
2069_S/E GIS COCHRANE BESS,-70.36387,-23.066006
1849_S/E COCHRANE,-70.363462,-23.06583
1877_S/E GNL MEJILLONES,-70.366367,-23.060565
2178_S/E DESALINIZADORA Y BOMBEO 1 (SGO),-70.341302,-23.038613
1887_S/E KELAR,-70.33895,-23.033923
1954_S/E TAP OFF E.C. ALGORTA,-70.344253069626,-23.0247209849813
1872_S/E ESPERANZA (MINERA CENTINELA),-69.098686,-22.99932
2250_S/E CENTINELA,-69.1295684051756,-22.9417178144938
1867_S/E EL TESORO,-69.098399,-22.926593
1930_S/E SIERRA GORDA,-69.358857,-22.876556
2024_S/E EL ARRIERO,-68.968557,-22.875243
2371_S/E LAS SALINAS,-68.96817368,-22.86685928
2180_S/E BOMBEO 3 (SGO),-70.105918,-22.84954
1935_S/E SPENCE,-69.281228,-22.804781
2095_S/E PV CERRO DOMINADOR,-69.479287,-22.786442
2112_S/E SGO,-69.3058863455075,-22.7813852520841
2094_S/E CERRO DOMINADOR,-69.451858,-22.77992100000001
2156_S/E CSP CERRO DOMINADOR,-69.4784868217428,-22.772388031392
1906_S/E MUELLE,-70.28234,-22.729268
1967_TAP OFF LICANCABUR,-70.2608599472709,-22.7219931274645
1879_S/E GUAYAQUES,-69.86882063,-22.70930778
1958_TAP OFF ENLACE,-69.626268,-22.699076
1978_TAP OFF SAIRECABUR,-70.224087304432,-22.6947746816397
1864_S/E EL LINCE,-70.18955,-22.678667
1818_S/E ANTUCOYA,-69.84443242,-22.61409364
1933_S/E SOLAR JAMA,-68.698801,-22.568584
2253_S/E LASANA,-68.7674627867809,-22.5504526344497
2225_S/E USYA,-68.8431586117942,-22.4910274111477
2268_S/E TCHAMMA,-69.0913014778115,-22.48925308103
2260_S/E OASIS,-68.809501,-22.485408
2227_S/E PALLATA,-69.42615075805,-22.4843261581842
2247_S/E  CHIU CHIU,-68.822879,-22.479986
1988_S/E VALLE DE LOS VIENTOS,-68.82322374,-22.4797785
2093_S/E PUERTO SECO SOLAR,-68.874153,-22.44874
1823_S/E CALAMA,-68.923101,-22.428771
2226_S/E CALAMA NUEVA,-68.922438,-22.42875
2043_S/E MIRAJE,-69.52946,-22.419947
1900_S/E MANTOS DE LA LUNA,-70.173624,-22.388029
2381_S/E CEME 1,-69.59360278,-22.36045835
1865_S/E EL LOA,-69.633409,-22.350574
1898_S/E MMH,-68.89147893,-22.34930522
2097_S/E TCHITACK,-68.85356,-22.342641
1929_S/E SALAR,-68.876126,-22.340188
2323_S/E VALLE DEL SOL,-69.5788309579076,-22.3336167955596
2248_S/E NUEVA CHUQUICAMATA,-68.9345208070064,-22.3314497918829
1926_S/E RANDE,-69.52667569,-22.32943282
1885_S/E KM6,-68.88376968,-22.32346211
1934_S/E SOPLADORES,-68.8855558072878,-22.3122067802025
1797_S/E 10,-68.89461566,-22.31082165
1798_S/E 10A,-68.89615971,-22.31045224
1809_S/E A,-68.918152,-22.306187
1848_S/E CHUQUICAMATA,-68.918598,-22.304803
1884_S/E K1,-68.894711,-22.30448
1810_S/E ACL,-68.83910785,-22.30238331
1822_S/E CT SALAR,-68.839337,-22.302233
2057_S/E KIMAL,-69.482383,-22.301124
1868_S/E ENCUENTRO,-69.567373,-22.283031
1965_TAP OFF LA CRUZ,-69.6594519945354,-22.2788281190304
1858_S/E CRUCERO,-69.567383,-22.275998
2292_S/E LA CRUZ SOLAR,-69.6128574572134,-22.2660573226186
2339_S/E PALPANA,-69.4822444991396,-22.26554717564
1845_S/E CHAMY,-68.89452088,-22.25596566
1927_S/E SE021-A,-69.65187219,-22.21790081
1901_S/E MARIA ELENA,-69.57835568,-22.21425464
2286_S/E SOL DEL DESIERTO,-69.5693358541165,-22.2052277769433
1925_S/E RADOMIRO TOMIC,-68.870358,-22.19629
2352_S/E IBERELENA,-69.4861968684823,-22.1729630582462
1946_TAP OFF BARRILES,-70.0674966741571,-22.164529567308
1831_S/E CENTRAL DIESEL TAMAYA,-70.089629,-22.16419
1985_S/E TOCOPILLA,-70.2119867472014,-22.0978758562057
1839_S/E CENTRAL TOCOPILLA,-70.212003,-22.097875
1908_S/E NORGENER,-70.21075702,-22.09689133
2221_S/E ANA MARIA,-69.6018148369028,-22.037699531126
2222_S/E DON ANTONIO,-69.6002927776082,-22.0341076201741
2036_S/E CONCHI,-68.72196,-21.984824
1862_S/E EL ABRA,-68.693537,-21.981597
2023_S/E CERRO PABELLON,-68.153555,-21.858239
2135_S/E FRONTERA,-69.513730667973,-21.659562332926
1914_S/E PEQ,-69.494084,-21.658663
2098_S/E SAN SIMON,-69.5625720341606,-21.1706210070858
2099_S/E SANTA RITA,-69.4727060716666,-21.131615615972
1895_S/E LLAMARA,-69.580938,-21.130735
1923_S/E QUEBRADA BLANCA,-68.794105,-20.997464
2237_S/E CHALLACOLLO,-69.2244992720021,-20.9934852493041
2235_S/E PUQUIOS,-68.8339131276211,-20.993299238131
2234_S/E TIQUIMA,-69.0629432039106,-20.9911277540838
2236_S/E PAGUANA,-68.9735810442331,-20.9830865616081
1850_S/E COLLAHUASI,-68.636367,-20.978422
1986_S/E UJINA,-68.59218,-20.978285
1851_S/E COLLAHUASI SALA ELECTRICA 3501,-68.5918,-20.977981
1852_S/E COLLAHUASI SALA ELECTRICA 3502,-68.635705,-20.977747
1853_S/E COLLAHUASI UNITARIA N°1,-68.591926,-20.977561
1854_S/E COLLAHUASI UNITARIA N°2,-68.591926,-20.977561
1855_S/E COLLAHUASI UNITARIA N°3,-68.591926,-20.977561
1856_S/E COLLAHUASI UNITARIA N°4,-68.591926,-20.977561
1971_TAP OFF NUEVA VICTORIA,-69.6720820385411,-20.9535218455774
1938_S/E SUR VIEJO,-69.53776548,-20.93528283
2239_S/E GEOGLIFOS,-69.9767915839842,-20.8195598696595
2241_S/E OYARVIDE,-69.9736095309942,-20.8193520988737
1893_S/E LAGUNAS,-69.693856,-20.815511
2198_S/E GRANJA SOLAR,-69.486636,-20.813027
1984_S/E TARAPACA,-70.192117,-20.806502
1838_S/E CENTRAL TARAPACA,-70.193413,-20.805461
2245_S/E PATILLOS,-70.182917181588,-20.7837139475536
2243_S/E PUERTO PATACHE,-70.1821862814181,-20.7749736515106
2252_S/E MATILLA,-69.448978,-20.5172
2251_S/E ATACAMA SOLAR II,-69.448729,-20.517113
1889_S/E LA HUAYCA II,-69.535552,-20.454996
1835_S/E CENTRAL SOLAR LA HUAYCA 2,-69.535178,-20.454719
1939_S/E TAMARUGAL,-69.694252,-20.430413
2186_S/E NUEVA POZO ALMONTE,-69.7475509490802,-20.3144882291885
1836_S/E CENTRAL SOLAR PAS2,-69.756012,-20.271712
1919_S/E POZO ALMONTE,-69.7733455,-20.25849028
1913_S/E PAS3,-69.773472,-20.255341
1812_S/E ALTO HOSPICIO,-70.10433417,-20.2542332
1837_S/E CENTRAL SOLAR PAS3,-69.758846,-20.251656
1842_S/E CERRO DRAGON,-70.124487,-20.25053
1859_S/E CONDORES,-70.0794108,-20.24832586
2034_TAP OFF CENTRAL CAVANCHA,-70.1273177427263,-20.2370748641343
1916_S/E PALAFITOS,-70.13133068,-20.21829125
1882_S/E IQUIQUE,-70.129966,-20.206842
1915_S/E PACIFICO,-70.143922,-20.205756
1888_S/E LA CASCADA HMC (SAGASCA),-69.334014,-20.188706
1841_S/E CERRO COLORADO,-69.267488,-20.06405
1951_TAP OFF DOLORES,-69.946196,-19.617122
1983_TAP OFF VITOR N°2 MOVIL,-70.1628359917947,-18.9428200022433
1843_S/E CHACA,-70.1144,-18.887402
2377_S/E RONCACHO,-70.19052422,-18.86773665
2324_S/E WILLKA,-70.1093448498596,-18.5001098715943
1920_S/E PUKARA,-70.290001,-18.48663
1819_S/E ARICA,-70.28913,-18.485851
1917_S/E PARINACOTA,-70.271124,-18.478694
1957_TAP OFF EL AGUILA,-69.8660889942991,-18.4771350022196
1827_S/E CENTRAL DIESEL ARICA,-70.30328,-18.467697
1847_S/E CHINCHORRO,-70.296555,-18.467328
1896_S/E LLUTA,-69.886187,-18.447035
2083_S/E CENTRAL EL AGUILA,-69.886571,-18.446982
1924_S/E QUIANI,-70.294551,-18.428782
1826_S/E CENTRAL CHAPIQUIÑA,-69.548786,-18.372699
